{
    "0": {
        "train_loss": 2.078253794642328,
        "train_mean_acc": 0.19523166947894627,
        "test_mean_acc": 0.17053571508990395
    },
    "1": {
        "train_loss": 2.0195456696945486,
        "train_mean_acc": 0.2970760232872433,
        "test_mean_acc": 0.2716269807683097
    },
    "2": {
        "train_loss": 1.9650743972136364,
        "train_mean_acc": 0.34107062220573425,
        "test_mean_acc": 0.291468256049686
    },
    "3": {
        "train_loss": 1.9213994691287044,
        "train_mean_acc": 0.4391363064448039,
        "test_mean_acc": 0.37182539370324874
    },
    "4": {
        "train_loss": 1.8556111460750542,
        "train_mean_acc": 0.3851551976468828,
        "test_mean_acc": 0.3072420590453678
    },
    "5": {
        "train_loss": 1.842658927911308,
        "train_mean_acc": 0.5699505143695407,
        "test_mean_acc": 0.44910714361402726
    },
    "6": {
        "train_loss": 1.757806014088751,
        "train_mean_acc": 0.5675213734308878,
        "test_mean_acc": 0.4280753963523441
    },
    "7": {
        "train_loss": 1.719832889084677,
        "train_mean_acc": 0.6376068459616767,
        "test_mean_acc": 0.475000003973643
    },
    "8": {
        "train_loss": 1.6900014476097132,
        "train_mean_acc": 0.6471435096528795,
        "test_mean_acc": 0.5202380981710222
    },
    "9": {
        "train_loss": 1.6515731630201864,
        "train_mean_acc": 0.6734143031968011,
        "test_mean_acc": 0.5485119058026208
    },
    "10": {
        "train_loss": 1.624786348404622,
        "train_mean_acc": 0.702294197347429,
        "test_mean_acc": 0.5601190427939097
    },
    "11": {
        "train_loss": 1.597349725109088,
        "train_mean_acc": 0.7136302126778497,
        "test_mean_acc": 0.5577380888991885
    },
    "12": {
        "train_loss": 1.57622544086481,
        "train_mean_acc": 0.7287449373139275,
        "test_mean_acc": 0.6047618985176086
    },
    "13": {
        "train_loss": 1.562897544462704,
        "train_mean_acc": 0.7357624901665581,
        "test_mean_acc": 0.5940476291709476
    },
    "14": {
        "train_loss": 1.56115910536263,
        "train_mean_acc": 0.7446693711810641,
        "test_mean_acc": 0.6053571403026581
    },
    "15": {
        "train_loss": 1.5453983047633495,
        "train_mean_acc": 0.7475483549965752,
        "test_mean_acc": 0.6225198441081576
    },
    "16": {
        "train_loss": 1.525828475319452,
        "train_mean_acc": 0.7724696397781372,
        "test_mean_acc": 0.6401785877015855
    },
    "17": {
        "train_loss": 1.5113782759237444,
        "train_mean_acc": 0.786774628692203,
        "test_mean_acc": 0.6409722169240316
    },
    "18": {
        "train_loss": 1.5056024022086925,
        "train_mean_acc": 0.7946918606758118,
        "test_mean_acc": 0.6385912696520487
    },
    "19": {
        "train_loss": 1.4937585353079736,
        "train_mean_acc": 0.7839856015311347,
        "test_mean_acc": 0.6356150839063857
    },
    "20": {
        "train_loss": 1.48407257953508,
        "train_mean_acc": 0.8347278502252367,
        "test_mean_acc": 0.686011897193061
    },
    "21": {
        "train_loss": 1.4677361319366011,
        "train_mean_acc": 0.8418353663550483,
        "test_mean_acc": 0.6746031708187528
    },
    "22": {
        "train_loss": 1.453125365729471,
        "train_mean_acc": 0.8619883060455322,
        "test_mean_acc": 0.6993055542310079
    },
    "23": {
        "train_loss": 1.437049015054425,
        "train_mean_acc": 0.8680161966217889,
        "test_mean_acc": 0.7192460364765592
    },
    "24": {
        "train_loss": 1.4293156657789903,
        "train_mean_acc": 0.8876293235354953,
        "test_mean_acc": 0.7139881054560343
    },
    "25": {
        "train_loss": 1.4098168719547852,
        "train_mean_acc": 0.8754835857285393,
        "test_mean_acc": 0.7252976232104831
    },
    "26": {
        "train_loss": 1.408355805094574,
        "train_mean_acc": 0.8852901458740234,
        "test_mean_acc": 0.7247023847368028
    },
    "27": {
        "train_loss": 1.4073006362205185,
        "train_mean_acc": 0.8946468830108643,
        "test_mean_acc": 0.7301587263743082
    },
    "28": {
        "train_loss": 1.3938021841172648,
        "train_mean_acc": 0.8897885680198669,
        "test_mean_acc": 0.7380952371491326
    },
    "29": {
        "train_loss": 1.3878833800072037,
        "train_mean_acc": 0.8955465621418424,
        "test_mean_acc": 0.7179563442866007
    }
}