{
    "0": {
        "train_loss": [
            0.2909245193004608,
            0.30534350872039795,
            0.3078880310058594,
            0.22391857206821442,
            0.2892281711101532,
            0.28329092264175415,
            0.25190839171409607,
            0.22985580563545227,
            0.23494486510753632
        ],
        "train_mean_acc": 0.26858919858932495,
        "test_mean_acc": 0.2599206335014767
    }
}