{
    "0": {
        "train_loss": 2.0332956204980106,
        "train_mean_acc": 0.21364621155791813,
        "test_mean_acc": 0.1984126998318566
    },
    "1": {
        "train_loss": 2.02222704402471,
        "train_mean_acc": 0.31542738609843785,
        "test_mean_acc": 0.2690476179122925
    },
    "2": {
        "train_loss": 1.9649133128634955,
        "train_mean_acc": 0.3454905301332474,
        "test_mean_acc": 0.24861111243565878
    },
    "3": {
        "train_loss": 1.9236253164582333,
        "train_mean_acc": 0.4203185372882419,
        "test_mean_acc": 0.3425595263640086
    },
    "4": {
        "train_loss": 1.8530584201974385,
        "train_mean_acc": 0.5144661135143704,
        "test_mean_acc": 0.388888892200258
    },
    "5": {
        "train_loss": 1.8001584849115146,
        "train_mean_acc": 0.517293373743693,
        "test_mean_acc": 0.3759920597076416
    },
    "6": {
        "train_loss": 1.7739633935993,
        "train_mean_acc": 0.5990952716933357,
        "test_mean_acc": 0.40287698639763725
    },
    "7": {
        "train_loss": 1.719761955536018,
        "train_mean_acc": 0.6055037246810065,
        "test_mean_acc": 0.4219246076212989
    },
    "8": {
        "train_loss": 1.6704475633168625,
        "train_mean_acc": 0.6507398022545708,
        "test_mean_acc": 0.4764880935351054
    },
    "9": {
        "train_loss": 1.6134024850392745,
        "train_mean_acc": 0.7463952369160123,
        "test_mean_acc": 0.49246031708187527
    },
    "10": {
        "train_loss": 1.572996204182253,
        "train_mean_acc": 0.777777784400516,
        "test_mean_acc": 0.5259920656681061
    },
    "11": {
        "train_loss": 1.5236336368625447,
        "train_mean_acc": 0.8117048343022665,
        "test_mean_acc": 0.5368055568801032
    },
    "12": {
        "train_loss": 1.4905341996984967,
        "train_mean_acc": 0.8481764131122165,
        "test_mean_acc": 0.5676587290234036
    },
    "13": {
        "train_loss": 1.4613479872881356,
        "train_mean_acc": 0.8454434076944987,
        "test_mean_acc": 0.5829364988538954
    },
    "14": {
        "train_loss": 1.4572161662376533,
        "train_mean_acc": 0.8484591444333395,
        "test_mean_acc": 0.5791666573948331
    },
    "15": {
        "train_loss": 1.4466859623537225,
        "train_mean_acc": 0.8607105745209588,
        "test_mean_acc": 0.5871031747923957
    },
    "16": {
        "train_loss": 1.4371489460185423,
        "train_mean_acc": 0.8588257431983948,
        "test_mean_acc": 0.59474206633038
    },
    "17": {
        "train_loss": 1.4331328945644832,
        "train_mean_acc": 0.8676844769053988,
        "test_mean_acc": 0.603769838809967
    },
    "18": {
        "train_loss": 1.4246172359434224,
        "train_mean_acc": 0.8581660522354974,
        "test_mean_acc": 0.584325393040975
    },
    "19": {
        "train_loss": 1.4164234290688724,
        "train_mean_acc": 0.8670247925652398,
        "test_mean_acc": 0.578472226858139
    },
    "20": {
        "train_loss": 1.4122167692346088,
        "train_mean_acc": 0.8895485798517863,
        "test_mean_acc": 0.6256944404708015
    },
    "21": {
        "train_loss": 1.4032069093089992,
        "train_mean_acc": 0.8989727563328214,
        "test_mean_acc": 0.6103174620204501
    },
    "22": {
        "train_loss": 1.3950618549928826,
        "train_mean_acc": 0.9021769828266568,
        "test_mean_acc": 0.6262896855672201
    },
    "23": {
        "train_loss": 1.3957108449127715,
        "train_mean_acc": 0.8949203557438321,
        "test_mean_acc": 0.6165674659940932
    },
    "24": {
        "train_loss": 1.3888837745634175,
        "train_mean_acc": 0.9257374405860901,
        "test_mean_acc": 0.6279761923684014
    },
    "25": {
        "train_loss": 1.3788490881354123,
        "train_mean_acc": 0.9199886918067932,
        "test_mean_acc": 0.6336309512456259
    },
    "26": {
        "train_loss": 1.3776475688158456,
        "train_mean_acc": 0.9136744936307272,
        "test_mean_acc": 0.6336309512456259
    },
    "27": {
        "train_loss": 1.3687740010730292,
        "train_mean_acc": 0.9355386031998528,
        "test_mean_acc": 0.629365066687266
    },
    "28": {
        "train_loss": 1.3605055158421144,
        "train_mean_acc": 0.9227217038472494,
        "test_mean_acc": 0.6134920650058322
    },
    "29": {
        "train_loss": 1.361736988617202,
        "train_mean_acc": 0.9323343700832791,
        "test_mean_acc": 0.6329365107748244
    }
}