{
    "0": {
        "train_loss": 2.0250168319088018,
        "train_mean_acc": 0.32360788186391193,
        "test_mean_acc": 0.29097222288449603
    },
    "1": {
        "train_loss": 1.9686863747174526,
        "train_mean_acc": 0.3844564954439799,
        "test_mean_acc": 0.3178571429517534
    },
    "2": {
        "train_loss": 1.9358522183385796,
        "train_mean_acc": 0.39469834831025863,
        "test_mean_acc": 0.32698413398530746
    },
    "3": {
        "train_loss": 1.887974776350677,
        "train_mean_acc": 0.3971942497624291,
        "test_mean_acc": 0.32132936517397565
    },
    "4": {
        "train_loss": 1.8405347604869688,
        "train_mean_acc": 0.5144160489241282,
        "test_mean_acc": 0.41785714361402726
    },
    "5": {
        "train_loss": 1.805011187175479,
        "train_mean_acc": 0.5150184995598264,
        "test_mean_acc": 0.418849206633038
    },
    "6": {
        "train_loss": 1.7726333026915513,
        "train_mean_acc": 0.5672605236371359,
        "test_mean_acc": 0.44781746135817635
    },
    "7": {
        "train_loss": 1.7369632307589977,
        "train_mean_acc": 0.6318960388501486,
        "test_mean_acc": 0.4902777738041348
    },
    "8": {
        "train_loss": 1.678890718395127,
        "train_mean_acc": 0.6560805572403802,
        "test_mean_acc": 0.5086309479342567
    },
    "9": {
        "train_loss": 1.6700421198971869,
        "train_mean_acc": 0.6455805169211494,
        "test_mean_acc": 0.4797619084517161
    },
    "10": {
        "train_loss": 1.6321225369308756,
        "train_mean_acc": 0.6985110574298434,
        "test_mean_acc": 0.5439484185642667
    },
    "11": {
        "train_loss": 1.6163128060822147,
        "train_mean_acc": 0.6963594158490499,
        "test_mean_acc": 0.5904761950174967
    },
    "12": {
        "train_loss": 1.5958907976977228,
        "train_mean_acc": 0.7144332528114319,
        "test_mean_acc": 0.5907738142543368
    },
    "13": {
        "train_loss": 1.5822788432655688,
        "train_mean_acc": 0.734314481417338,
        "test_mean_acc": 0.5844246082835727
    },
    "14": {
        "train_loss": 1.5661895603587384,
        "train_mean_acc": 0.7789826922946506,
        "test_mean_acc": 0.633333338631524
    },
    "15": {
        "train_loss": 1.5306626809270758,
        "train_mean_acc": 0.7666752735773722,
        "test_mean_acc": 0.6237103144327799
    },
    "16": {
        "train_loss": 1.5119350687269086,
        "train_mean_acc": 0.795679489771525,
        "test_mean_acc": 0.6308531761169434
    },
    "17": {
        "train_loss": 1.4949068454766052,
        "train_mean_acc": 0.8097942935095893,
        "test_mean_acc": 0.6653769877221849
    },
    "18": {
        "train_loss": 1.4714242061225253,
        "train_mean_acc": 0.8418968982166715,
        "test_mean_acc": 0.7067460285292732
    },
    "19": {
        "train_loss": 1.473780350788459,
        "train_mean_acc": 0.8410362402598063,
        "test_mean_acc": 0.6970238222016228
    },
    "20": {
        "train_loss": 1.4582839798262983,
        "train_mean_acc": 0.8480936355061002,
        "test_mean_acc": 0.7101190619998508
    },
    "21": {
        "train_loss": 1.4430403288672953,
        "train_mean_acc": 0.8572166297170851,
        "test_mean_acc": 0.732142859035068
    },
    "22": {
        "train_loss": 1.428831891009682,
        "train_mean_acc": 0.8628109163708158,
        "test_mean_acc": 0.7440476218859354
    },
    "23": {
        "train_loss": 1.4265974025608217,
        "train_mean_acc": 0.8533436589770846,
        "test_mean_acc": 0.7213293645117018
    },
    "24": {
        "train_loss": 1.417327925147656,
        "train_mean_acc": 0.8715896407763163,
        "test_mean_acc": 0.7260912656784058
    },
    "25": {
        "train_loss": 1.4079668573550765,
        "train_mean_acc": 0.8732248809602525,
        "test_mean_acc": 0.7254960272047255
    },
    "26": {
        "train_loss": 1.3973036033819335,
        "train_mean_acc": 0.8906102180480957,
        "test_mean_acc": 0.7465277777777778
    },
    "27": {
        "train_loss": 1.3910829157283062,
        "train_mean_acc": 0.8974094125959609,
        "test_mean_acc": 0.7627976139386495
    },
    "28": {
        "train_loss": 1.3821412893271667,
        "train_mean_acc": 0.9063602752155728,
        "test_mean_acc": 0.7800595164299011
    },
    "29": {
        "train_loss": 1.3819026548426956,
        "train_mean_acc": 0.911696367793613,
        "test_mean_acc": 0.782738102806939
    }
}